category,url
blanket_niche,https://www.etsy.com/search?q=baby+shower+blanket+gift
blanket_niche,https://www.etsy.com/search?q=birth+stat+blanket
blanket_niche,https://www.etsy.com/search?q=cotton+baby+blanket
blanket_niche,https://www.etsy.com/search?q=heirloom+baby+blanket
blanket_niche,https://www.etsy.com/search?q=keepsake+blanket+baby
blanket_niche,https://www.etsy.com/search?q=knit+baby+blanket
blanket_niche,https://www.etsy.com/search?q=monogram+blanket+newborn
blanket_niche,https://www.etsy.com/search?q=name+blanket+baby
blanket_niche,https://www.etsy.com/search?q=personalized+baby+blanket
blanket_niche,https://www.etsy.com/search?q=swaddle+blanket+personalized
current_tags,https://www.etsy.com/search?q=baby+announcement
current_tags,https://www.etsy.com/search?q=baby+blanket
current_tags,https://www.etsy.com/search?q=baby+boy+blanket
current_tags,https://www.etsy.com/search?q=baby+boy+clothes
current_tags,https://www.etsy.com/search?q=baby+boy+gift
current_tags,https://www.etsy.com/search?q=baby+boy+gifts
current_tags,https://www.etsy.com/search?q=baby+clothes
current_tags,https://www.etsy.com/search?q=baby+gift
current_tags,https://www.etsy.com/search?q=baby+gift+girl
current_tags,https://www.etsy.com/search?q=baby+girl+blanket
current_tags,https://www.etsy.com/search?q=baby+girl+clothes
current_tags,https://www.etsy.com/search?q=baby+girl+gift
current_tags,https://www.etsy.com/search?q=baby+girl+gifts
current_tags,https://www.etsy.com/search?q=baby+hospital+outfit
current_tags,https://www.etsy.com/search?q=baby+keepsake
current_tags,https://www.etsy.com/search?q=baby+keepsakes
current_tags,https://www.etsy.com/search?q=baby+milestone
current_tags,https://www.etsy.com/search?q=baby+name+blanket
current_tags,https://www.etsy.com/search?q=baby+onesie
current_tags,https://www.etsy.com/search?q=baby+romper
current_tags,https://www.etsy.com/search?q=baby+shower+gift
current_tags,https://www.etsy.com/search?q=baby+shower+gift+boy
current_tags,https://www.etsy.com/search?q=baby+shower+gifts
current_tags,https://www.etsy.com/search?q=birth+announcement
current_tags,https://www.etsy.com/search?q=born+baby+gift
current_tags,https://www.etsy.com/search?q=born+baby+gifts
current_tags,https://www.etsy.com/search?q=coming+home+outfit
current_tags,https://www.etsy.com/search?q=custom+baby+blanket
current_tags,https://www.etsy.com/search?q=custom+baby+boy+gift
current_tags,https://www.etsy.com/search?q=custom+baby+gift
current_tags,https://www.etsy.com/search?q=custom+baby+girl+gift
current_tags,https://www.etsy.com/search?q=custom+baby+onesie
current_tags,https://www.etsy.com/search?q=customizable+blanket
current_tags,https://www.etsy.com/search?q=embroidered+blanket
current_tags,https://www.etsy.com/search?q=first+birthday+gift
current_tags,https://www.etsy.com/search?q=gift+for+baby
current_tags,https://www.etsy.com/search?q=home+coming+outfit
current_tags,https://www.etsy.com/search?q=monogram+baby+gift
current_tags,https://www.etsy.com/search?q=monogrammed+blanket
current_tags,https://www.etsy.com/search?q=neutral+baby+gift
current_tags,https://www.etsy.com/search?q=new+baby+gift
current_tags,https://www.etsy.com/search?q=new+baby+gifts
current_tags,https://www.etsy.com/search?q=newborn+blanket
current_tags,https://www.etsy.com/search?q=newborn+boy+gift
current_tags,https://www.etsy.com/search?q=newborn+gift
current_tags,https://www.etsy.com/search?q=newborn+gifts
current_tags,https://www.etsy.com/search?q=newborn+girl+gift
current_tags,https://www.etsy.com/search?q=newborn+outfit
current_tags,https://www.etsy.com/search?q=personalized+baby
gift_general_niche,https://www.etsy.com/search?q=baby+boy+shower+gift
gift_general_niche,https://www.etsy.com/search?q=baby+gift+basket
gift_general_niche,https://www.etsy.com/search?q=baby+girl+shower+gift
gift_general_niche,https://www.etsy.com/search?q=baby+registry+gift
gift_general_niche,https://www.etsy.com/search?q=custom+newborn+keepsake
gift_general_niche,https://www.etsy.com/search?q=expecting+mom+gift
gift_general_niche,https://www.etsy.com/search?q=first+time+mom+gift
gift_general_niche,https://www.etsy.com/search?q=gender+neutral+baby+gift
gift_general_niche,https://www.etsy.com/search?q=handmade+baby+gift
gift_general_niche,https://www.etsy.com/search?q=meaningful+baby+gift
gift_general_niche,https://www.etsy.com/search?q=new+mom+gift
gift_general_niche,https://www.etsy.com/search?q=pregnancy+gift
gift_general_niche,https://www.etsy.com/search?q=unique+baby+gift
high_intent_buyer_terms,https://www.etsy.com/search?q=applique+baby+gift
high_intent_buyer_terms,https://www.etsy.com/search?q=custom+embroidery+baby
high_intent_buyer_terms,https://www.etsy.com/search?q=embroidered+newborn
high_intent_buyer_terms,https://www.etsy.com/search?q=monogrammed+baby+items
high_intent_buyer_terms,https://www.etsy.com/search?q=name+embroidery+baby
high_intent_buyer_terms,https://www.etsy.com/search?q=personalized+embroidered+baby
onesie_romper_niche,https://www.etsy.com/search?q=baby+bodysuit+personalized
onesie_romper_niche,https://www.etsy.com/search?q=baby+shower+onesie+gift
onesie_romper_niche,https://www.etsy.com/search?q=baby+zip+romper
onesie_romper_niche,https://www.etsy.com/search?q=custom+name+onesie
onesie_romper_niche,https://www.etsy.com/search?q=embroidered+baby+romper
onesie_romper_niche,https://www.etsy.com/search?q=hospital+going+home+outfit
onesie_romper_niche,https://www.etsy.com/search?q=monogram+onesie+baby
onesie_romper_niche,https://www.etsy.com/search?q=newborn+take+home+outfit
onesie_romper_niche,https://www.etsy.com/search?q=personalized+baby+onesie
onesie_romper_niche,https://www.etsy.com/search?q=personalized+coming+home+outfit
